keyword_id,keyword_text, search_cluster
kw_080426001,pin test Samsung Galaxy S25, Samsung Galaxy S25
kw_080426002,Samsung Galaxy S25 review, Samsung Galaxy S25
kw_080426003,đánh giá hiệu năng Samsung Galaxy S25, Samsung Galaxy S25
kw_080426004,đánh giá Samsung Galaxy S25 sau 6 tháng sử dụng, Samsung Galaxy S25
kw_080426005,đánh giá Samsung Galaxy S25 sau 1 năm sử dụng, Samsung Galaxy S25
kw_080426006,đánh giá Samsung Galaxy S25 Ultra sau 6 tháng sử dụng, Samsung Galaxy S25 Ultra
kw_080426007,đánh giá Samsung Galaxy S25 Ultra sau 1 năm sử dụng, Samsung Galaxy S25 Ultra
kw_080426008,pin test Samsung Galaxy S25 Ultra, Samsung Galaxy S25 Ultra
kw_080426009,Samsung Galaxy S25 Ultra review, Samsung Galaxy S25 Ultra
kw_080426010,đánh giá hiệu năng Samsung Galaxy S25 Ultra, Samsung Galaxy S25 Ultra
kw_080426011,pin test Samsung Galaxy S25+, Samsung Galaxy S25+
kw_080426012,Samsung Galaxy S25+ review, Samsung Galaxy S25+
kw_080426013,đánh giá hiệu năng Samsung Galaxy S25+, Samsung Galaxy S25+
kw_080426014,đánh giá Samsung Galaxy S25+ sau 6 tháng sử dụng, Samsung Galaxy S25+
kw_080426015,đánh giá Samsung Galaxy S25+ sau 1 năm sử dụng, Samsung Galaxy S25+
kw_080426016,iPhone 16, iPhone 16
kw_080426017,iPhone 16 Pro Max, iPhone 16 Pro Max
kw_080426018,iPhone 16 Pro Max review, iPhone 16 Pro Max
kw_080426019,iPhone 16 Pro Max pin, iPhone 16 Pro Max
kw_080426020,iPhone 16 review, iPhone 16
kw_080426021,iPhone 16 pin, iPhone 16
kw_080426022,Xiaomi 15 Pro review, Xiaomi 15 Pro
kw_080426023,Xiaomi 15 Pro pin, Xiaomi 15 Pro
kw_080426024,Xiaomi 15 Ultra review, Xiaomi 15 Ultra
kw_080426025,Xiaomi 15 Ultra pin, Xiaomi 15 Ultra
kw_080426026,Redmi Note 14 Pro review, Redmi Note 14 Pro
kw_080426027,Redmi Note 14 Pro pin, Redmi Note 14 Pro
kw_080426028,POCO X7 Pro review, POCO X7 Pro
kw_080426029,POCO X7 Pro pin, POCO X7 Pro
kw_080426030,OPPO Find X8 Pro, OPPO Find X8 Pro
kw_080426031,OPPO Reno 13 Pro, OPPO Reno 13 Pro
kw_080426032,Realme 14 Pro+, Realme 14 Pro+
kw_080426033,Vivo X200 Pro, Vivo X200 Pro
kw_080426034,Nothing Phone 3a review, Nothing Phone 3a
kw_080426035,OnePlus 13 có tốt không, OnePlus 13
kw_080426036,MacBook Air M4, MacBook Air M4
kw_080426037,MacBook Air M4 review tiếng việt, MacBook Air M4
kw_080426038,MacBook Air M4 vs MacBook Pro M4, MacBook Air M4
kw_080426039,MacBook Pro 14 M4 Pro, MacBook Pro 14 M4 Pro
kw_080426040,Dell XPS 15 2025, Dell XPS 15
kw_080426041,Dell XPS 13 review, Dell XPS 13
kw_080426042,HP Spectre x360 2025, HP Spectre x360
kw_080426043,Asus ZenBook 14 OLED, Asus ZenBook 14
kw_080426044,Asus ROG Zephyrus G14 đánh giá, Asus ROG Zephyrus G14
kw_080426045,Lenovo ThinkPad X1 Carbon, Lenovo ThinkPad X1 Carbon
kw_080426046,Lenovo Legion 5 gaming, Lenovo Legion 5
kw_080426047,MSI Stealth 16 review, MSI Stealth 16
kw_080426048,Razer Blade 15 2025, Razer Blade 15
kw_080426049,Acer Predator Helios 300, Acer Predator Helios 300
kw_080426050,laptop sinh viên tốt nhất 2025, laptop sinh viên tốt nhất
kw_080426051,laptop văn phòng dưới 20 triệu, laptop văn phòng dưới 20 triệu
kw_080426052,laptop gaming giá rẻ nhất 2025, laptop gaming giá rẻ nhất
kw_080426053,laptop dưới 15 triệu tốt nhất, laptop dưới 15 triệu tốt nhất
kw_080426054,review Sony WH-1000XM6, Sony WH-1000XM6
kw_080426055,đánh giá Sony WH-1000XM6, Sony WH-1₀₀₀XM6
kw_080426056,AirPods Pro 2 review, AirPods Pro 2
kw_080426057,Samsung Galaxy Buds 3 Pro review, Samsung Galaxy Buds 3 Pro
kw_080426058,Bose QuietComfort Ultra review, Bose QuietComfort Ultra
kw_080426059,tai nghe chống ồn tốt nhất 2025, tai nghe chống ồn tốt nhất
kw_080426060,Jabra Elite 10 review, Jabra Elite 10
kw_080426061,Nothing Ear 2 review, Nothing Ear 2
kw_080426062,Xiaomi Redmi Buds 6 Pro, Xiaomi Redmi Buds 6 Pro
kw_080426063,JBL Tour Pro 3, JBL Tour Pro 3
kw_080426064,tai nghe giá sinh viên, tai nghe giá sinh viên
kw_080426065,tai nghe true wireless dưới 2 triệu, tai nghe true wireless dưới 2 triệu
kw_080426066,Apple Watch Series 10, Apple Watch Series 10
kw_080426067,Samsung Galaxy Watch 7, Samsung Galaxy Watch 7
kw_080426068,Garmin Fenix 8 review, Garmin Fenix 8
kw_080426069,đồng hồ thông minh tốt nhất 2025, đồng hồ thông minh tốt nhất
kw_080426070,Xiaomi Robot Vacuum S20, Xiaomi Robot Vacuum S20
kw_080426071,Ecovacs Deebot X2 Pro, Ecovacs Deebot X2 Pro
kw_080426072,robot hút bụi tốt nhất 2025, robot hút bụi tốt nhất
kw_080426073,Google Nest Hub 2, Google Nest Hub 2
kw_080426074,TP-Link Deco XE75 review, TP-Link Deco XE75
kw_080426075,màn hình gaming 4K tốt nhất 2025, màn hình gaming 4K tốt nhất
kw_080426076,LG UltraWide 34 OLED review, LG UltraWide 34 OLED
kw_080426077,Samsung 27 OLED 4K G8, Samsung 27 OLED 4K G8
kw_080426078,Logitech MX Master 3S review, Logitech MX Master 3S
kw_080426079,Razer DeathAdder V3, Razer DeathAdder V3
kw_080426080,bàn phím cơ tốt nhất 2025, bàn phím cơ tốt nhất
kw_080426081,chuột không dây gaming tốt nhất, chuột không dây gaming tốt nhất
kw_080426082,Samsung Galaxy S25 vs iPhone 16, Samsung Galaxy S25 vs iPhone 16
kw_080426083,Samsung Galaxy S25 Ultra vs iPhone 16 Pro Max, Samsung Galaxy S25 Ultra vs iPhone 16 Pro Max
kw_080426084,MacBook Air M4 vs Dell XPS 13, MacBook Air M4 vs Dell XPS 13
kw_080426085,Sony WH-1000XM6 vs Bose QuietComfort Ultra, Sony WH-1000XM6 vs Bose QuietComfort Ultra
kw_080426086,AirPods Pro 2 vs Samsung Galaxy Buds 3 Pro, AirPods Pro 2 vs Samsung Galaxy Buds 3 Pro
kw_080426087,iPad Pro M4 review, iPad Pro M4
kw_080426088,Samsung Galaxy Tab S10 Ultra, Samsung Galaxy Tab S10 Ultra
kw_080426089,Xiaomi Pad 7 Pro, Xiaomi Pad 7 Pro
kw_080426090,tablet học online tốt nhất 2025, tablet học online tốt nhất
kw_080426091,Sony Alpha A7 IV review, Sony Alpha A7 IV
kw_080426092,Fujifilm X100VI review, Fujifilm X100VI
kw_080426093,DJI Mini 4 Pro review, DJI Mini 4 Pro
kw_080426094,GoPro Hero 13 review, GoPro Hero 13
kw_080426095,điện thoại tốt nhất tầm 5 triệu 2025, điện thoại tốt nhất tầm 5 triệu
kw_080426096,điện thoại tốt nhất tầm 10 triệu 2025, điện thoại tốt nhất tầm 10 triệu
kw_080426097,điện thoại tốt nhất tầm 15 triệu 2025, điện thoại tốt nhất tầm 15 triệu
kw_080426098,điện thoại chụp ảnh đẹp nhất 2025, điện thoại chụp ảnh đẹp nhất
kw_080426099,điện thoại pin trâu nhất 2025, điện thoại pin trâu nhất
kw_080426100,điện thoại android tốt nhất 2025, điện thoại android tốt nhất
kw_080426101,smartphone nên mua nhất 2026, smartphone nên mua nhất
kw_080426102,review, _uncategorized
kw_080426103,so sánh, _uncategorized
kw_080426104,đánh giá, _uncategorized
kw_080426105,6 tháng sử dụng, _uncategorized
kw_080426106,1 năm sử dụng, _uncategorized
kw_080426107,test hiệu năng, _uncategorized
kw_080426108,pin test, _uncategorized
kw_080426109,tốt nhất, _uncategorized
kw_080426110,tầm giá, _uncategorized
kw_080426111,khoảng giá, _uncategorized
kw_080426112,top 5, _uncategorized
kw_080426113,top 10, _uncategorized
kw_080426114,các sản phẩm tốt nhất, _uncategorized
kw_080426115,các sản phẩm nên mua, _uncategorized
kw_080426116,recommend, _uncategorized
kw_080426117,đáng mua, _uncategorized
kw_080426118,đáng tiền, _uncategorized
kw_080426119,phải mua, _uncategorized
kw_080426120,nên mua, _uncategorized
kw_080426121,5 triệu, _uncategorized
kw_080426122,10 triệu, _uncategorized
kw_080426123,15 triệu, _uncategorized
kw_080426124,20 triệu, _uncategorized
kw_080426125,25 triệu, _uncategorized
kw_080426126,30 triệu, _uncategorized
kw_080426127,40 triệu, _uncategorized
kw_080426128,50 triệu, _uncategorized
kw_080426129,100 triệu, _uncategorized